CarNumber,SURNAME
ABC001,CASTILLO
ABC002,REED
ABC003,ALLEN
ABC004,DIAZ
ABC005,NELSON
ABC006,LOPEZ
ABC007,KELLY
ABC008,WILSON
ABC009,CARTER
ABC010,JIMENEZ
ABC011,HILL
ABC012,MITCHELL
ABC013,PHILLIPS
ABC014,KING
ABC015,LONG
ABC016,HUGHES
ABC017,ANDERSON
ABC018,GOMEZ
ABC019,TORRES
ABC020,THOMPSON
ABC021,JACKSON
ABC022,ROBERTS
ABC023,WOOD
ABC024,JONES
ABC025,DAVIS
ABC026,SANDERS
ABC027,GREEN
ABC028,BROWN
ABC029,GRAY
ABC030,RICHARDSON
ABC031,HALL
ABC032,COOPER
ABC033,BAILEY
ABC034,CHAVEZ
ABC035,WARD
ABC036,GONZALEZ
ABC037,JAMES
ABC038,ALVAREZ
ABC039,RODRIGUEZ
ABC040,SMITH
ABC041,TAYLOR
ABC042,MILLER
ABC043,PARKER
ABC044,ORTIZ
ABC045,THOMAS
ABC046,COLLINS
ABC047,RAMOS
ABC048,RAMIREZ
ABC049,CAMPBELL
ABC050,MURPHY
ABC051,BAKER
ABC052,WILLIAMS
ABC053,MARTIN
ABC054,SANCHEZ
ABC055,SCOTT
ABC056,GUTIERREZ
ABC057,ADAMS
ABC058,WATSON
ABC059,PRICE
ABC060,EVANS
ABC061,HARRIS
ABC062,FOSTER
ABC063,JOHNSON
ABC064,MORGAN
ABC065,LEE
ABC066,MORALES
ABC067,MENDOZA
ABC068,RUIZ
ABC069,EDWARDS
ABC070,NGUYEN
ABC071,PETERSON
ABC072,ROBINSON
ABC073,FLORES
ABC074,ROSS
ABC075,MARTINEZ
ABC076,RIVERA
ABC077,BENNETT
ABC078,STEWART
ABC079,REYES
ABC080,MORRIS
AB12345,Ivan
CD67890,Anna
EF23456,Sergey
